mode,i,submitted_at,finished_at,job_id,worker_id,status,submit_ms,delay_ms,exec_ms,wall_ms,e2e_ms,out_bytes,out_size,seed,infer_ms,gpu,init_s,worker_jobs,vram_used_mib,rss_mib,build,comfy_args,zero_workers_s,since_last_done_s,health_before,health_after,error
hot,0,2026-09-27T20:09:29.914+00:00,2026-09-27T20:09:40.381+00:00,88962d86-1455-4d63-8b7e-559020f17218-u1,gejedgpz1aqpqi,COMPLETED,149,988,8850,10317,10514,169543,1184x896,229565814,8560,cuda:0 NVIDIA GeForce RTX 4090 : cudaMallocAsync,32.8,3,17043,727,v0.1.3,,,,,,
hot,1,2026-09-27T20:09:40.410+00:00,2026-09-27T20:09:48.649+00:00,5f89e3dd-66b5-4d20-9aa8-64b30152248a-u2,gejedgpz1aqpqi,COMPLETED,149,408,7348,8090,8250,90937,1184x896,1958076151,7113,cuda:0 NVIDIA GeForce RTX 4090 : cudaMallocAsync,32.8,4,17043,728,v0.1.3,,,0.0,,,
hot,2,2026-09-27T20:09:48.672+00:00,2026-09-27T20:09:58.183+00:00,6ff272d8-e82a-4ee5-9195-3a106b8a296c-u1,gejedgpz1aqpqi,COMPLETED,132,594,7755,9377,9519,387529,1184x896,3761704508,7186,cuda:0 NVIDIA GeForce RTX 4090 : cudaMallocAsync,32.8,5,17043,728,v0.1.3,,,0.0,,,
hot,3,2026-09-27T20:09:58.215+00:00,2026-09-27T20:10:08.715+00:00,11155232-cd59-46d9-8eae-6c2917dc9f46-u2,gejedgpz1aqpqi,COMPLETED,112,1282,8770,10386,10509,173921,1184x896,940738726,8452,cuda:0 NVIDIA GeForce RTX 4090 : cudaMallocAsync,32.8,6,17043,731,v0.1.3,,,0.0,,,
hot,4,2026-09-27T20:10:08.737+00:00,2026-09-27T20:10:17.994+00:00,178fd6a0-91d3-45bc-89c7-a49efb13eec6-u2,gejedgpz1aqpqi,COMPLETED,123,575,7554,9132,9265,88126,1184x896,737006140,7097,cuda:0 NVIDIA GeForce RTX 4090 : cudaMallocAsync,32.8,7,17043,731,v0.1.3,,,0.0,,,
hot,5,2026-09-27T20:10:18.020+00:00,2026-09-27T20:10:28.680+00:00,d4baeb7d-37d3-4a83-9754-84cb5f5ac512-u2,gejedgpz1aqpqi,COMPLETED,118,1322,7666,10542,10671,337083,1184x896,1408498660,7197,cuda:0 NVIDIA GeForce RTX 4090 : cudaMallocAsync,32.8,8,17043,731,v0.1.3,,,0.0,,,
hot,6,2026-09-27T20:10:28.706+00:00,2026-09-27T20:10:39.253+00:00,9a47eec4-7803-4a0b-83cd-cb39e901f747-u1,gejedgpz1aqpqi,COMPLETED,142,725,8878,10404,10555,211374,1184x896,1015413546,7203,cuda:0 NVIDIA GeForce RTX 4090 : cudaMallocAsync,32.8,9,17043,731,v0.1.3,,,0.0,,,
hot,7,2026-09-27T20:10:39.278+00:00,2026-09-27T20:10:47.534+00:00,e920c348-19d8-4ad3-b0f1-fb1fa7f924af-u2,gejedgpz1aqpqi,COMPLETED,133,100,7661,8122,8265,87487,1184x896,1957375688,7220,cuda:0 NVIDIA GeForce RTX 4090 : cudaMallocAsync,32.8,10,17043,731,v0.1.3,,,0.0,,,
hot,8,2026-09-27T20:10:47.554+00:00,2026-09-27T20:10:56.954+00:00,2ed9395a-5df6-498e-a460-684f87681296-u2,gejedgpz1aqpqi,COMPLETED,119,553,7861,9279,9408,350885,1184x896,1670233498,7517,cuda:0 NVIDIA GeForce RTX 4090 : cudaMallocAsync,32.8,11,17043,731,v0.1.3,,,0.0,,,
hot,9,2026-09-27T20:10:56.982+00:00,2026-09-27T20:11:41.721+00:00,de01c5e0-c96d-4134-8555-0bc89d1ee56d-u1,oy6irxfnnfag8e,COMPLETED,118,35373,8062,44620,44748,225564,1184x896,3128223591,7705,cuda:0 NVIDIA GeForce RTX 4090 : cudaMallocAsync,27.7,1,17043,724,v0.1.3,,,0.0,,,
hot,10,2026-09-27T20:11:41.745+00:00,2026-09-27T20:11:50.378+00:00,ffd60604-cfd9-4af6-84b9-08773088a76b-u2,gejedgpz1aqpqi,COMPLETED,147,535,7570,8486,8641,92020,1184x896,1200240764,7319,cuda:0 NVIDIA GeForce RTX 4090 : cudaMallocAsync,32.8,12,17043,731,v0.1.3,,,0.0,,,
hot,11,2026-09-27T20:11:50.398+00:00,2026-09-27T20:11:59.914+00:00,d6261b23-6c5e-4369-9937-735adb7563b5-u1,gejedgpz1aqpqi,COMPLETED,122,543,7539,9393,9523,407669,1184x896,1969472855,7225,cuda:0 NVIDIA GeForce RTX 4090 : cudaMallocAsync,32.8,13,17043,731,v0.1.3,,,0.0,,,
hot,12,2026-09-27T20:11:59.947+00:00,2026-09-27T20:12:09.365+00:00,4a628ed5-b913-49ab-8b10-e9b55ac6b707-u1,gejedgpz1aqpqi,COMPLETED,128,933,7425,9289,9428,224789,1184x896,1954376687,7118,cuda:0 NVIDIA GeForce RTX 4090 : cudaMallocAsync,32.8,14,17043,731,v0.1.3,,,0.0,,,
hot,13,2026-09-27T20:12:09.391+00:00,2026-09-27T20:13:02.070+00:00,c3517d5c-9927-4930-be92-cb6ad7851831-u1,j36mb91nwlbmhv,COMPLETED,147,42835,8961,52531,52688,87146,1184x896,2450450701,8726,cuda:0 NVIDIA GeForce RTX 4090 : cudaMallocAsync,34.9,1,17043,724,v0.1.3,,,0.0,,,
hot,14,2026-09-27T20:13:02.098+00:00,2026-09-27T20:13:11.019+00:00,e277eb83-1843-4917-9559-62e4f1b8cae6-u2,j36mb91nwlbmhv,COMPLETED,124,164,7742,8795,8931,383656,1184x896,255451641,7426,cuda:0 NVIDIA GeForce RTX 4090 : cudaMallocAsync,34.9,2,17043,726,v0.1.3,,,0.0,,,
hot,15,2026-09-27T20:13:11.047+00:00,2026-09-27T20:13:20.414+00:00,64daa5ba-b827-4114-8a14-831d592093e4-u1,gejedgpz1aqpqi,COMPLETED,130,536,7674,9237,9376,184605,1184x896,1973603877,7436,cuda:0 NVIDIA GeForce RTX 4090 : cudaMallocAsync,32.8,15,17043,731,v0.1.3,,,0.0,,,
hot,16,2026-09-27T20:13:20.438+00:00,2026-09-27T20:13:32.008+00:00,e2c663b0-48c6-4633-aa44-81ffb1f6c938-u2,gejedgpz1aqpqi,COMPLETED,133,1383,8963,11436,11579,82869,1184x896,429413683,8712,cuda:0 NVIDIA GeForce RTX 4090 : cudaMallocAsync,32.8,16,17043,731,v0.1.3,,,0.0,,,
hot,17,2026-09-27T20:13:32.031+00:00,2026-09-27T20:13:42.584+00:00,a42e0d61-01c0-4b53-9d65-3ba65a82e979-u2,gejedgpz1aqpqi,COMPLETED,115,1197,7812,10438,10563,378883,1184x896,1794867647,7560,cuda:0 NVIDIA GeForce RTX 4090 : cudaMallocAsync,32.8,17,17043,731,v0.1.3,,,0.0,,,
hot,18,2026-09-27T20:13:42.613+00:00,2026-09-27T20:13:52.962+00:00,3da0a28a-e1f4-4896-9907-3e4837f41887-u1,gejedgpz1aqpqi,COMPLETED,140,850,8895,10208,10357,148270,1184x896,790627429,8538,cuda:0 NVIDIA GeForce RTX 4090 : cudaMallocAsync,32.8,18,17043,731,v0.1.3,,,0.0,,,
hot,19,2026-09-27T20:13:52.990+00:00,2026-09-27T20:14:04.536+00:00,510c59fb-ac74-4570-9fe6-455b707912f8-u2,gejedgpz1aqpqi,COMPLETED,122,450,10717,11424,11556,87994,1184x896,2954010519,10410,cuda:0 NVIDIA GeForce RTX 4090 : cudaMallocAsync,32.8,19,17043,731,v0.1.3,,,0.0,,,
hot,20,2026-09-27T20:14:04.558+00:00,2026-09-27T20:14:13.929+00:00,bbd1dae2-d63a-416d-b6dc-60784d2e50d8-u1,gejedgpz1aqpqi,COMPLETED,119,714,7524,9251,9380,239591,1184x896,167090340,7271,cuda:0 NVIDIA GeForce RTX 4090 : cudaMallocAsync,32.8,20,17043,731,v0.1.3,,,0.0,,,
hot,21,2026-09-27T20:14:13.953+00:00,2026-09-27T20:14:24.390+00:00,2910ae2f-f6ae-4c36-8762-2fb79dd05a0b-u1,oy6irxfnnfag8e,COMPLETED,128,528,8827,10308,10444,194852,1184x896,3357568427,8519,cuda:0 NVIDIA GeForce RTX 4090 : cudaMallocAsync,27.7,2,17043,725,v0.1.3,,,0.0,,,
hot,22,2026-09-27T20:14:24.415+00:00,2026-09-27T20:14:34.786+00:00,02255920-68a6-482c-9506-f7e1911568d9-u2,oy6irxfnnfag8e,COMPLETED,120,1321,7721,10250,10379,91777,1184x896,1787680032,7437,cuda:0 NVIDIA GeForce RTX 4090 : cudaMallocAsync,27.7,3,17043,727,v0.1.3,,,0.0,,,
hot,23,2026-09-27T20:14:34.806+00:00,2026-09-27T20:14:44.280+00:00,c37e8a2c-62ef-492a-8108-9013f10b12c0-u1,gejedgpz1aqpqi,COMPLETED,146,526,7757,9327,9482,369924,1184x896,2615395059,7526,cuda:0 NVIDIA GeForce RTX 4090 : cudaMallocAsync,32.8,21,17043,731,v0.1.3,,,0.0,,,
hot,24,2026-09-27T20:14:44.308+00:00,2026-09-27T20:14:54.754+00:00,3c0d80f4-ef5e-4dbb-82d9-5ad507500ce9-u2,gejedgpz1aqpqi,COMPLETED,130,1238,7812,10315,10454,170260,1184x896,4144327074,7552,cuda:0 NVIDIA GeForce RTX 4090 : cudaMallocAsync,32.8,22,17043,731,v0.1.3,,,0.0,,,
hot,25,2026-09-27T20:14:54.779+00:00,2026-09-27T20:15:04.079+00:00,06445939-5f3b-4179-85e7-a93d6e09e5f8-u1,oy6irxfnnfag8e,COMPLETED,117,492,7628,9182,9309,87262,1184x896,2838901450,7422,cuda:0 NVIDIA GeForce RTX 4090 : cudaMallocAsync,27.7,4,17043,727,v0.1.3,,,0.0,,,
hot,26,2026-09-27T20:15:04.102+00:00,2026-09-27T20:15:14.582+00:00,03dcc8b7-3768-4ed1-b97e-a3613574660a-u1,gejedgpz1aqpqi,COMPLETED,128,527,9220,10351,10489,353436,1184x896,1141672160,8969,cuda:0 NVIDIA GeForce RTX 4090 : cudaMallocAsync,32.8,23,17043,731,v0.1.3,,,0.0,,,
hot,27,2026-09-27T20:15:14.607+00:00,2026-09-27T20:15:22.844+00:00,0ae7ef0d-3517-4f6d-8663-5c6c9eada8be-u1,gejedgpz1aqpqi,COMPLETED,115,311,7531,8121,8245,202341,1184x896,4145016488,7280,cuda:0 NVIDIA GeForce RTX 4090 : cudaMallocAsync,32.8,24,17043,731,v0.1.3,,,0.0,,,
hot,28,2026-09-27T20:15:22.872+00:00,2026-09-27T20:15:32.163+00:00,5d2128f6-3eb5-4b40-9904-0b2b1ecd894f-u2,gejedgpz1aqpqi,COMPLETED,116,630,7509,9173,9300,87160,1184x896,1834968940,7114,cuda:0 NVIDIA GeForce RTX 4090 : cudaMallocAsync,32.8,25,17043,731,v0.1.3,,,0.0,,,
hot,29,2026-09-27T20:15:32.184+00:00,2026-09-27T20:15:41.613+00:00,161094f1-698c-4e79-8a52-9b8ae8c76fde-u2,gejedgpz1aqpqi,COMPLETED,135,1242,7666,9292,9437,411444,1184x896,2938681187,7214,cuda:0 NVIDIA GeForce RTX 4090 : cudaMallocAsync,32.8,26,17043,731,v0.1.3,,,0.0,,,
