mode,i,submitted_at,finished_at,job_id,worker_id,status,submit_ms,delay_ms,exec_ms,wall_ms,e2e_ms,out_bytes,out_size,seed,infer_ms,gpu,init_s,worker_jobs,vram_used_mib,rss_mib,zero_workers_s,since_last_done_s,health_before,health_after,error
hot,0,2026-09-27T18:30:35.435+00:00,2026-09-27T18:31:46.729+00:00,97ff0eb8-5daf-44a0-8629-522d580f80bf-u2,sa5y38birj99b6,COMPLETED,145,62122,7710,71148,71335,173132,1184x896,1585981451,7499,cuda:0 NVIDIA GeForce RTX 4090 : cudaMallocAsync,31.1,1,17043,724,,,,,
hot,1,2026-09-27T18:31:46.769+00:00,2026-09-27T18:31:58.270+00:00,0a4d3a02-4533-4475-a6f3-0b422d79d219-u2,sa5y38birj99b6,COMPLETED,128,887,9315,11372,11513,90127,1184x896,2316098150,9126,cuda:0 NVIDIA GeForce RTX 4090 : cudaMallocAsync,31.1,2,17043,726,,0.0,,,
hot,2,2026-09-27T18:31:58.292+00:00,2026-09-27T18:32:08.803+00:00,ec57e491-fdc8-484f-940d-92d4e718ce3c-u1,sa5y38birj99b6,COMPLETED,106,1063,8025,10403,10519,372979,1184x896,3483243133,7801,cuda:0 NVIDIA GeForce RTX 4090 : cudaMallocAsync,31.1,3,17043,726,,0.0,,,
hot,3,2026-09-27T18:32:08.833+00:00,2026-09-27T18:32:51.457+00:00,2235d348-9511-4e7b-b441-87fbd62b4ce4-u2,g0d1h7e0fs09rm,COMPLETED,147,34420,7662,42476,42633,191676,1184x896,2077604729,7424,cuda:0 NVIDIA GeForce RTX 4090 : cudaMallocAsync,26,1,17043,714,,0.0,,,
hot,4,2026-09-27T18:32:51.486+00:00,2026-09-27T18:32:59.655+00:00,2b7c655c-52ea-4363-8670-011d84946a43-u1,g0d1h7e0fs09rm,COMPLETED,146,446,7352,8022,8179,82846,1184x896,1675773841,7131,cuda:0 NVIDIA GeForce RTX 4090 : cudaMallocAsync,26,2,17043,716,,0.0,,,
hot,5,2026-09-27T18:32:59.676+00:00,2026-09-27T18:33:09.065+00:00,bf49ac83-66d9-414e-b6c8-3f919ee8b39b-u2,g0d1h7e0fs09rm,COMPLETED,122,692,7743,9266,9398,419955,1184x896,2112938322,7522,cuda:0 NVIDIA GeForce RTX 4090 : cudaMallocAsync,26,3,17043,715,,0.0,,,
hot,6,2026-09-27T18:33:09.095+00:00,2026-09-27T18:33:17.286+00:00,8e4789bd-dba7-4e61-b4c8-cac590cb1e78-u2,g0d1h7e0fs09rm,COMPLETED,120,67,7427,8070,8199,155852,1184x896,1829281161,7213,cuda:0 NVIDIA GeForce RTX 4090 : cudaMallocAsync,26,4,17043,714,,0.0,,,
hot,7,2026-09-27T18:33:17.308+00:00,2026-09-27T18:33:25.567+00:00,b410c8f7-833c-4ae8-9de8-fa77a97f7119-u2,g0d1h7e0fs09rm,COMPLETED,121,345,7513,8138,8268,82100,1184x896,3092321408,7101,cuda:0 NVIDIA GeForce RTX 4090 : cudaMallocAsync,26,5,17043,714,,0.0,,,
hot,8,2026-09-27T18:33:25.591+00:00,2026-09-27T18:33:35.058+00:00,33d4273a-3757-4f1a-96a8-d531354df7ff-u1,g0d1h7e0fs09rm,COMPLETED,129,605,7620,9337,9475,384632,1184x896,1577913841,7455,cuda:0 NVIDIA GeForce RTX 4090 : cudaMallocAsync,26,6,17043,714,,0.0,,,
hot,9,2026-09-27T18:33:35.090+00:00,2026-09-27T18:33:44.440+00:00,e38a05b1-7f2c-497f-9aae-8aff5abcb836-u2,sa5y38birj99b6,COMPLETED,119,489,7701,9229,9359,188144,1184x896,1527495472,7475,cuda:0 NVIDIA GeForce RTX 4090 : cudaMallocAsync,31.1,4,17043,726,,0.0,,,
hot,10,2026-09-27T18:33:44.463+00:00,2026-09-27T18:33:55.907+00:00,0de6fdb7-004c-43f1-b432-d1929e0c69d8-u2,sa5y38birj99b6,COMPLETED,121,1234,8908,11322,11452,85087,1184x896,1980607522,8680,cuda:0 NVIDIA GeForce RTX 4090 : cudaMallocAsync,31.1,5,17043,726,,0.0,,,
hot,11,2026-09-27T18:33:55.933+00:00,2026-09-27T18:34:44.211+00:00,15f3851e-65f6-4a42-bec2-6dc0dc42a2b0-u1,ud65qmv9cw0clh,COMPLETED,118,40030,7800,48159,48289,369692,1184x896,4171643898,7560,cuda:0 NVIDIA GeForce RTX 4090 : cudaMallocAsync,31.2,1,17043,715,,0.0,,,
hot,12,2026-09-27T18:34:44.241+00:00,2026-09-27T18:34:53.552+00:00,1ff7925c-502b-45ca-84a6-c88caa9e97f3-u2,ud65qmv9cw0clh,COMPLETED,125,551,7314,9185,9323,169989,1184x896,577126787,7109,cuda:0 NVIDIA GeForce RTX 4090 : cudaMallocAsync,31.2,2,17043,719,,0.0,,,
hot,13,2026-09-27T18:34:53.585+00:00,2026-09-27T18:35:02.957+00:00,6d490c49-8f40-4a8f-b148-2132de37792d-u2,sa5y38birj99b6,COMPLETED,168,530,7519,9204,9388,85843,1184x896,4109359364,7294,cuda:0 NVIDIA GeForce RTX 4090 : cudaMallocAsync,31.1,6,17043,726,,0.0,,,
hot,14,2026-09-27T18:35:02.977+00:00,2026-09-27T18:35:23.505+00:00,e7d31fbb-af84-484c-b1f7-334b254d55b0-u1,g0d1h7e0fs09rm,COMPLETED,127,500,19414,20400,20536,341261,1184x896,4127742560,19140,cuda:0 NVIDIA GeForce RTX 4090 : cudaMallocAsync,26,7,17043,717,,0.0,,,
hot,15,2026-09-27T18:35:23.532+00:00,2026-09-27T18:36:07.358+00:00,294802d1-5a66-45a9-a0e4-88ed08b2e94e-u1,g0d1h7e0fs09rm,COMPLETED,131,351,41992,43694,43834,188367,1184x896,1668071976,41792,cuda:0 NVIDIA GeForce RTX 4090 : cudaMallocAsync,26,8,17043,717,,0.0,,,
hot,16,2026-09-27T18:36:07.399+00:00,2026-09-27T18:36:16.650+00:00,f73611cb-94a2-4bc2-8526-79ccf62ffd0a-u1,sa5y38birj99b6,COMPLETED,115,540,7645,9134,9261,90512,1184x896,3927050036,7396,cuda:0 NVIDIA GeForce RTX 4090 : cudaMallocAsync,31.1,7,17043,726,,0.0,,,
hot,17,2026-09-27T18:36:16.670+00:00,2026-09-27T18:36:26.003+00:00,d1577cd9-ada3-4cfc-9db4-d12937b93a87-u1,ud65qmv9cw0clh,COMPLETED,115,501,7609,9218,9342,319983,1184x896,3933067185,7406,cuda:0 NVIDIA GeForce RTX 4090 : cudaMallocAsync,31.2,3,17043,718,,0.0,,,
hot,18,2026-09-27T18:36:26.037+00:00,2026-09-27T18:36:36.504+00:00,ebcfc33d-079b-4d9c-853b-00e361432069-u2,sa5y38birj99b6,COMPLETED,145,453,9492,10322,10478,193925,1184x896,311803040,9241,cuda:0 NVIDIA GeForce RTX 4090 : cudaMallocAsync,31.1,8,17043,726,,0.0,,,
hot,19,2026-09-27T18:36:36.526+00:00,2026-09-27T18:36:44.751+00:00,4ccfa679-7e8f-47ba-ba6d-c324ec177984-u2,sa5y38birj99b6,COMPLETED,156,528,7272,8067,8232,83370,1184x896,4025457325,7101,cuda:0 NVIDIA GeForce RTX 4090 : cudaMallocAsync,31.1,9,17043,726,,0.0,,,
hot,20,2026-09-27T18:36:44.769+00:00,2026-09-27T18:36:54.227+00:00,a07f4806-e7bf-419b-a1a9-a65fa09900ae-u2,sa5y38birj99b6,COMPLETED,160,602,7678,9298,9466,384591,1184x896,1717759248,7515,cuda:0 NVIDIA GeForce RTX 4090 : cudaMallocAsync,31.1,10,17043,726,,0.0,,,
hot,21,2026-09-27T18:36:54.255+00:00,2026-09-27T18:37:13.605+00:00,d8e330ca-f51c-4d23-9598-768e7d2ed536-u1,ud65qmv9cw0clh,COMPLETED,138,493,17589,19211,19358,180391,1184x896,1272141135,17329,cuda:0 NVIDIA GeForce RTX 4090 : cudaMallocAsync,31.2,4,17043,718,,0.0,,,
hot,22,2026-09-27T18:37:13.630+00:00,2026-09-27T18:37:22.884+00:00,b714f057-8e2f-4368-a33a-85d24f4ab553-u2,sa5y38birj99b6,COMPLETED,130,492,7670,9124,9263,91462,1184x896,1297943411,7481,cuda:0 NVIDIA GeForce RTX 4090 : cudaMallocAsync,31.1,11,17043,726,,0.0,,,
hot,23,2026-09-27T18:37:22.905+00:00,2026-09-27T18:37:42.253+00:00,85533515-a44e-4401-98b5-755f2dbd38aa-u1,g0d1h7e0fs09rm,COMPLETED,132,490,17792,19215,19357,382432,1184x896,4055602997,17498,cuda:0 NVIDIA GeForce RTX 4090 : cudaMallocAsync,26,9,17043,716,,0.0,,,
hot,24,2026-09-27T18:37:42.282+00:00,2026-09-27T18:38:09.466+00:00,a21de293-4916-40cc-b6ee-65798cf4dba6-u2,ud65qmv9cw0clh,COMPLETED,126,496,25855,27058,27195,175614,1184x896,914473481,25608,cuda:0 NVIDIA GeForce RTX 4090 : cudaMallocAsync,31.2,5,17043,717,,0.0,,,
hot,25,2026-09-27T18:38:09.487+00:00,2026-09-27T18:38:20.966+00:00,ce8ceabd-7b55-4443-83ef-de762f3af1cc-u2,ud65qmv9cw0clh,COMPLETED,129,157,9971,11348,11487,90354,1184x896,1527840828,9758,cuda:0 NVIDIA GeForce RTX 4090 : cudaMallocAsync,31.2,6,17043,716,,0.0,,,
hot,26,2026-09-27T18:38:20.994+00:00,2026-09-27T18:38:32.917+00:00,c3690967-9584-475c-a752-81dee18fc9ec-u1,g0d1h7e0fs09rm,COMPLETED,124,510,9697,11798,11932,342773,1184x896,2920724931,9452,cuda:0 NVIDIA GeForce RTX 4090 : cudaMallocAsync,26,10,17043,717,,0.0,,,
hot,27,2026-09-27T18:38:32.959+00:00,2026-09-27T18:39:25.435+00:00,05919bcc-7252-489b-a602-c27da4786503-u2,g0d1h7e0fs09rm,COMPLETED,111,584,50542,52364,52485,146937,1184x896,2125763819,50260,cuda:0 NVIDIA GeForce RTX 4090 : cudaMallocAsync,26,11,17043,717,,0.0,,,
hot,28,2026-09-27T18:39:25.461+00:00,2026-09-27T18:39:42.603+00:00,f6322e01-3da6-40d4-af57-84b35d92bf6c-u1,ud65qmv9cw0clh,COMPLETED,142,476,15514,17000,17153,94307,1184x896,926224867,15234,cuda:0 NVIDIA GeForce RTX 4090 : cudaMallocAsync,31.2,7,17043,716,,0.0,,,
hot,29,2026-09-27T18:39:42.626+00:00,2026-09-27T18:39:52.047+00:00,9fc1a11b-69da-4651-8a46-09aa7e642f86-u2,sa5y38birj99b6,COMPLETED,138,509,7945,9282,9430,405558,1184x896,1130405052,7682,cuda:0 NVIDIA GeForce RTX 4090 : cudaMallocAsync,31.1,12,17043,726,,0.0,,,
cold,100,2026-09-27T18:46:24.758+00:00,2026-09-27T18:47:12.943+00:00,9dc023c7-d589-4875-9de7-e7f1380c2420-u1,g0d1h7e0fs09rm,COMPLETED,144,39869,7412,48040,48220,90583,1184x896,145242904,7255,cuda:0 NVIDIA GeForce RTX 4090 : cudaMallocAsync,31,1,17043,716,90,392,,,
cold,101,2026-09-27T18:53:45.311+00:00,2026-09-27T18:53:54.721+00:00,9e149522-44a9-42f1-97ce-d6478414593a-u1,g0d1h7e0fs09rm,COMPLETED,136,548,7508,9273,9420,359437,1184x896,2160402719,7305,cuda:0 NVIDIA GeForce RTX 4090 : cudaMallocAsync,31,2,17043,718,90,392,,,
cold,102,2026-09-27T19:00:27.061+00:00,2026-09-27T19:01:21.470+00:00,ef250d02-9f2c-4316-8dbf-aebecddfed52-u1,g0d1h7e0fs09rm,COMPLETED,143,45691,7640,54265,54416,190103,1184x896,1407699229,7398,cuda:0 NVIDIA GeForce RTX 4090 : cudaMallocAsync,32,1,17043,713,90,392,,,
cold,103,2026-09-27T19:07:54.032+00:00,2026-09-27T19:08:03.529+00:00,db888afb-6543-4f3b-84ed-08aa11ffdb38-u2,g0d1h7e0fs09rm,COMPLETED,134,530,7524,9362,9509,90975,1184x896,447006580,7318,cuda:0 NVIDIA GeForce RTX 4090 : cudaMallocAsync,32,2,17043,717,90,393,,,
cold,104,2026-09-27T19:14:35.841+00:00,2026-09-27T19:15:25.006+00:00,16f3cc13-dbd1-4008-b39d-8bb4821c8d5f-u1,5w6s0m2eotmp9v,COMPLETED,157,40833,7771,49007,49175,325465,1184x896,3678569855,7485,cuda:0 NVIDIA GeForce RTX 4090 : cudaMallocAsync,33.6,1,17043,724,90,392,,,
conc1,200,2026-09-27T19:15:46.966+00:00,2026-09-27T19:16:37.384+00:00,01ada5eb-502c-4eca-9934-1d25e2cad0c7-u1,ud65qmv9cw0clh,COMPLETED,134,41746,7894,50283,50478,362287,1184x896,356958621,7659,cuda:0 NVIDIA GeForce RTX 4090 : cudaMallocAsync,32.5,1,17043,712,,,"{""workers"": {""idle"": 2, ""initializing"": 1, ""ready"": 2, ""running"": 1, ""throttled"": 1, ""unhealthy"": 0}, ""jobs"": {""completed"": 50, ""failed"": 8, ""inProgress"": 0, ""inQueue"": 0, ""retried"": 0}}","{""workers"": {""idle"": 3, ""initializing"": 1, ""ready"": 3, ""running"": 1, ""throttled"": 0, ""unhealthy"": 0}, ""jobs"": {""completed"": 51, ""failed"": 8, ""inProgress"": 0, ""inQueue"": 0, ""retried"": 0}}",
conc3,200,2026-09-27T19:16:37.696+00:00,2026-09-27T19:17:31.485+00:00,cd6494e3-d70a-4994-b619-227f5f0fe868-u2,5w6s0m2eotmp9v,COMPLETED,160,45278,7783,53627,53807,313345,1184x896,566838152,7540,cuda:0 NVIDIA GeForce RTX 4090 : cudaMallocAsync,36,1,17043,724,,,"{""workers"": {""idle"": 3, ""initializing"": 1, ""ready"": 3, ""running"": 1, ""throttled"": 0, ""unhealthy"": 0}, ""jobs"": {""completed"": 51, ""failed"": 8, ""inProgress"": 0, ""inQueue"": 0, ""retried"": 0}}","{""workers"": {""idle"": 1, ""initializing"": 1, ""ready"": 1, ""running"": 3, ""throttled"": 0, ""unhealthy"": 0}, ""jobs"": {""completed"": 54, ""failed"": 8, ""inProgress"": 0, ""inQueue"": 0, ""retried"": 0}}",
conc3,202,2026-09-27T19:16:37.719+00:00,2026-09-27T19:17:32.219+00:00,d85dd796-1a24-4997-944b-80b5621a0385-u1,sa5y38birj99b6,COMPLETED,141,45685,7761,54358,54521,89210,1184x896,2040358294,7533,cuda:0 NVIDIA GeForce RTX 4090 : cudaMallocAsync,35.6,1,17043,723,,,"{""workers"": {""idle"": 3, ""initializing"": 1, ""ready"": 3, ""running"": 1, ""throttled"": 0, ""unhealthy"": 0}, ""jobs"": {""completed"": 51, ""failed"": 8, ""inProgress"": 0, ""inQueue"": 0, ""retried"": 0}}","{""workers"": {""idle"": 1, ""initializing"": 1, ""ready"": 1, ""running"": 3, ""throttled"": 0, ""unhealthy"": 0}, ""jobs"": {""completed"": 54, ""failed"": 8, ""inProgress"": 0, ""inQueue"": 0, ""retried"": 0}}",
conc3,201,2026-09-27T19:16:37.718+00:00,2026-09-27T19:17:32.653+00:00,4b123b42-bc15-4245-8a84-06e208e48c5c-u2,g0d1h7e0fs09rm,COMPLETED,158,45941,7422,54776,54974,192477,1184x896,3149892359,7208,cuda:0 NVIDIA GeForce RTX 4090 : cudaMallocAsync,35.4,1,17043,713,,,"{""workers"": {""idle"": 3, ""initializing"": 1, ""ready"": 3, ""running"": 1, ""throttled"": 0, ""unhealthy"": 0}, ""jobs"": {""completed"": 51, ""failed"": 8, ""inProgress"": 0, ""inQueue"": 0, ""retried"": 0}}","{""workers"": {""idle"": 1, ""initializing"": 1, ""ready"": 1, ""running"": 3, ""throttled"": 0, ""unhealthy"": 0}, ""jobs"": {""completed"": 54, ""failed"": 8, ""inProgress"": 0, ""inQueue"": 0, ""retried"": 0}}",
conc5,204,2026-09-27T19:17:32.967+00:00,2026-09-27T19:17:43.394+00:00,5d6b9223-c6a0-49bf-8128-9aa44d2b4cbb-u1,sa5y38birj99b6,COMPLETED,119,1708,7668,10308,10452,213893,1184x896,1030515682,7511,cuda:0 NVIDIA GeForce RTX 4090 : cudaMallocAsync,35.6,2,17043,725,,,"{""workers"": {""idle"": 1, ""initializing"": 1, ""ready"": 1, ""running"": 3, ""throttled"": 0, ""unhealthy"": 0}, ""jobs"": {""completed"": 54, ""failed"": 8, ""inProgress"": 0, ""inQueue"": 0, ""retried"": 0}}","{""workers"": {""idle"": 0, ""initializing"": 2, ""ready"": 0, ""running"": 3, ""throttled"": 0, ""unhealthy"": 0}, ""jobs"": {""completed"": 59, ""failed"": 8, ""inProgress"": 0, ""inQueue"": 0, ""retried"": 0}}",
conc5,201,2026-09-27T19:17:32.925+00:00,2026-09-27T19:17:44.499+00:00,ee120c83-5444-4903-a505-77abf618eaa8-u2,5w6s0m2eotmp9v,COMPLETED,140,1325,9312,11433,11600,217379,1184x896,3497208255,7497,cuda:0 NVIDIA GeForce RTX 4090 : cudaMallocAsync,36,2,17043,727,,,"{""workers"": {""idle"": 1, ""initializing"": 1, ""ready"": 1, ""running"": 3, ""throttled"": 0, ""unhealthy"": 0}, ""jobs"": {""completed"": 54, ""failed"": 8, ""inProgress"": 0, ""inQueue"": 0, ""retried"": 0}}","{""workers"": {""idle"": 0, ""initializing"": 2, ""ready"": 0, ""running"": 3, ""throttled"": 0, ""unhealthy"": 0}, ""jobs"": {""completed"": 59, ""failed"": 8, ""inProgress"": 0, ""inQueue"": 0, ""retried"": 0}}",
conc5,202,2026-09-27T19:17:32.938+00:00,2026-09-27T19:17:45.522+00:00,2e8d31a1-f8e7-453e-a301-db4270987c7b-u2,g0d1h7e0fs09rm,COMPLETED,148,3542,7626,12436,12596,81870,1184x896,4167281812,7386,cuda:0 NVIDIA GeForce RTX 4090 : cudaMallocAsync,35.4,2,17043,715,,,"{""workers"": {""idle"": 1, ""initializing"": 1, ""ready"": 1, ""running"": 3, ""throttled"": 0, ""unhealthy"": 0}, ""jobs"": {""completed"": 54, ""failed"": 8, ""inProgress"": 0, ""inQueue"": 0, ""retried"": 0}}","{""workers"": {""idle"": 0, ""initializing"": 2, ""ready"": 0, ""running"": 3, ""throttled"": 0, ""unhealthy"": 0}, ""jobs"": {""completed"": 59, ""failed"": 8, ""inProgress"": 0, ""inQueue"": 0, ""retried"": 0}}",
conc5,203,2026-09-27T19:17:32.955+00:00,2026-09-27T19:17:52.274+00:00,687ae182-4969-45f1-9fe7-4fd7becfeacd-u1,sa5y38birj99b6,COMPLETED,135,10429,7433,19184,19334,393984,1184x896,57382334,7257,cuda:0 NVIDIA GeForce RTX 4090 : cudaMallocAsync,35.6,3,17043,725,,,"{""workers"": {""idle"": 1, ""initializing"": 1, ""ready"": 1, ""running"": 3, ""throttled"": 0, ""unhealthy"": 0}, ""jobs"": {""completed"": 54, ""failed"": 8, ""inProgress"": 0, ""inQueue"": 0, ""retried"": 0}}","{""workers"": {""idle"": 0, ""initializing"": 2, ""ready"": 0, ""running"": 3, ""throttled"": 0, ""unhealthy"": 0}, ""jobs"": {""completed"": 59, ""failed"": 8, ""inProgress"": 0, ""inQueue"": 0, ""retried"": 0}}",
conc5,200,2026-09-27T19:17:32.925+00:00,2026-09-27T19:17:53.286+00:00,bbbff7d2-a014-4dd7-8556-33bd076b5fe7-u2,g0d1h7e0fs09rm,COMPLETED,169,12458,7461,20191,20388,325219,1184x896,894752879,7205,cuda:0 NVIDIA GeForce RTX 4090 : cudaMallocAsync,35.4,3,17043,714,,,"{""workers"": {""idle"": 1, ""initializing"": 1, ""ready"": 1, ""running"": 3, ""throttled"": 0, ""unhealthy"": 0}, ""jobs"": {""completed"": 54, ""failed"": 8, ""inProgress"": 0, ""inQueue"": 0, ""retried"": 0}}","{""workers"": {""idle"": 0, ""initializing"": 2, ""ready"": 0, ""running"": 3, ""throttled"": 0, ""unhealthy"": 0}, ""jobs"": {""completed"": 59, ""failed"": 8, ""inProgress"": 0, ""inQueue"": 0, ""retried"": 0}}",
burst,200,2026-09-27T19:17:53.863+00:00,2026-09-27T19:18:02.069+00:00,024b2ce3-eb2b-44e5-8b87-df6016b8ef77-u2,g0d1h7e0fs09rm,COMPLETED,129,76,7405,8076,8261,321713,1184x896,2621413737,7195,cuda:0 NVIDIA GeForce RTX 4090 : cudaMallocAsync,35.4,4,17043,715,,,"{""workers"": {""idle"": 0, ""initializing"": 2, ""ready"": 0, ""running"": 3, ""throttled"": 0, ""unhealthy"": 0}, ""jobs"": {""completed"": 59, ""failed"": 8, ""inProgress"": 0, ""inQueue"": 0, ""retried"": 0}}","{""workers"": {""idle"": 2, ""initializing"": 1, ""ready"": 2, ""running"": 1, ""throttled"": 1, ""unhealthy"": 0}, ""jobs"": {""completed"": 66, ""failed"": 8, ""inProgress"": 0, ""inQueue"": 0, ""retried"": 0}}",
burst,201,2026-09-27T19:18:02.392+00:00,2026-09-27T19:18:20.511+00:00,093e0bef-d191-4cc1-b874-74078ed61842-u1,sa5y38birj99b6,COMPLETED,116,9062,7632,18001,18130,171808,1184x896,3637108057,7390,cuda:0 NVIDIA GeForce RTX 4090 : cudaMallocAsync,35.6,4,17043,725,,,"{""workers"": {""idle"": 0, ""initializing"": 2, ""ready"": 0, ""running"": 3, ""throttled"": 0, ""unhealthy"": 0}, ""jobs"": {""completed"": 59, ""failed"": 8, ""inProgress"": 0, ""inQueue"": 0, ""retried"": 0}}","{""workers"": {""idle"": 2, ""initializing"": 1, ""ready"": 2, ""running"": 1, ""throttled"": 1, ""unhealthy"": 0}, ""jobs"": {""completed"": 66, ""failed"": 8, ""inProgress"": 0, ""inQueue"": 0, ""retried"": 0}}",
burst,202,2026-09-27T19:18:10.973+00:00,2026-09-27T19:18:27.962+00:00,43cf71ff-f290-435e-8eae-af8ec5273038-u2,sa5y38birj99b6,COMPLETED,116,9150,7284,16872,17009,86074,1184x896,2983723466,7092,cuda:0 NVIDIA GeForce RTX 4090 : cudaMallocAsync,35.6,5,17043,726,,,"{""workers"": {""idle"": 0, ""initializing"": 2, ""ready"": 0, ""running"": 3, ""throttled"": 0, ""unhealthy"": 0}, ""jobs"": {""completed"": 59, ""failed"": 8, ""inProgress"": 0, ""inQueue"": 0, ""retried"": 0}}","{""workers"": {""idle"": 2, ""initializing"": 1, ""ready"": 2, ""running"": 1, ""throttled"": 1, ""unhealthy"": 0}, ""jobs"": {""completed"": 66, ""failed"": 8, ""inProgress"": 0, ""inQueue"": 0, ""retried"": 0}}",
burst,204,2026-09-27T19:18:28.112+00:00,2026-09-27T19:18:37.408+00:00,c4900e15-6f6c-46e5-b65f-dbf63ec4ce76-u2,sa5y38birj99b6,COMPLETED,129,353,7621,9166,9306,170678,1184x896,3420392378,7469,cuda:0 NVIDIA GeForce RTX 4090 : cudaMallocAsync,35.6,6,17043,726,,,"{""workers"": {""idle"": 0, ""initializing"": 2, ""ready"": 0, ""running"": 3, ""throttled"": 0, ""unhealthy"": 0}, ""jobs"": {""completed"": 59, ""failed"": 8, ""inProgress"": 0, ""inQueue"": 0, ""retried"": 0}}","{""workers"": {""idle"": 2, ""initializing"": 1, ""ready"": 2, ""running"": 1, ""throttled"": 1, ""unhealthy"": 0}, ""jobs"": {""completed"": 66, ""failed"": 8, ""inProgress"": 0, ""inQueue"": 0, ""retried"": 0}}",
burst,203,2026-09-27T19:18:19.540+00:00,2026-09-27T19:18:40.072+00:00,94ea86cc-7ce6-4ca1-95e9-a069f9c06e40-u2,ud65qmv9cw0clh,COMPLETED,119,8727,10465,20413,20546,388751,1184x896,3471058078,10226,cuda:0 NVIDIA GeForce RTX 4090 : cudaMallocAsync,32.3,1,17043,711,,,"{""workers"": {""idle"": 0, ""initializing"": 2, ""ready"": 0, ""running"": 3, ""throttled"": 0, ""unhealthy"": 0}, ""jobs"": {""completed"": 59, ""failed"": 8, ""inProgress"": 0, ""inQueue"": 0, ""retried"": 0}}","{""workers"": {""idle"": 2, ""initializing"": 1, ""ready"": 2, ""running"": 1, ""throttled"": 1, ""unhealthy"": 0}, ""jobs"": {""completed"": 66, ""failed"": 8, ""inProgress"": 0, ""inQueue"": 0, ""retried"": 0}}",
burst,205,2026-09-27T19:18:36.683+00:00,2026-09-27T19:18:44.927+00:00,1818a5f5-7d0c-46b7-b62e-039f4a22ea34-u1,sa5y38birj99b6,COMPLETED,135,445,7329,8108,8253,84547,1184x896,695937775,7164,cuda:0 NVIDIA GeForce RTX 4090 : cudaMallocAsync,35.6,7,17043,726,,,"{""workers"": {""idle"": 0, ""initializing"": 2, ""ready"": 0, ""running"": 3, ""throttled"": 0, ""unhealthy"": 0}, ""jobs"": {""completed"": 59, ""failed"": 8, ""inProgress"": 0, ""inQueue"": 0, ""retried"": 0}}","{""workers"": {""idle"": 2, ""initializing"": 1, ""ready"": 2, ""running"": 1, ""throttled"": 1, ""unhealthy"": 0}, ""jobs"": {""completed"": 66, ""failed"": 8, ""inProgress"": 0, ""inQueue"": 0, ""retried"": 0}}",
burst,206,2026-09-27T19:18:45.257+00:00,2026-09-27T19:18:54.658+00:00,52554612-7844-40cb-8617-1efc01bdbc5a-u1,sa5y38birj99b6,COMPLETED,147,250,7842,9253,9412,385766,1184x896,1455445070,7686,cuda:0 NVIDIA GeForce RTX 4090 : cudaMallocAsync,35.6,8,17043,726,,,"{""workers"": {""idle"": 0, ""initializing"": 2, ""ready"": 0, ""running"": 3, ""throttled"": 0, ""unhealthy"": 0}, ""jobs"": {""completed"": 59, ""failed"": 8, ""inProgress"": 0, ""inQueue"": 0, ""retried"": 0}}","{""workers"": {""idle"": 2, ""initializing"": 1, ""ready"": 2, ""running"": 1, ""throttled"": 1, ""unhealthy"": 0}, ""jobs"": {""completed"": 66, ""failed"": 8, ""inProgress"": 0, ""inQueue"": 0, ""retried"": 0}}",
