cancel_response,case,contract_problems,delay_ms,error,exec_ms,expect,finished_at,gpu,infer_ms,init_s,job_id,ok,out_bytes,out_format,out_size,payload_mb,polls,rss_mib,seed,status,submit_ms,submitted_at,vram_used_mib,wall_ms,worker_id,worker_jobs
,jpeg_landscape_1280,,515,,11459,COMPLETED,2026-09-27T19:19:47.614+00:00,cuda:0 NVIDIA GeForce RTX 4090 : cudaMallocAsync,11216,32.3,477a0bea-c3e1-40c2-a011-1dc820191620-u2,True,189918,JPEG,1248x832,0.04,12,714,4076961468,COMPLETED,169,2026-09-27T19:19:34.837+00:00,17043,12607,ud65qmv9cw0clh,2
,png_portrait_960,,169,,7744,COMPLETED,2026-09-27T19:19:55.990+00:00,cuda:0 NVIDIA GeForce RTX 4090 : cudaMallocAsync,7518,32.3,61a6eb97-20d5-4e3a-847c-32bd81c8e7ef-u1,True,187069,JPEG,896x1184,0.01,8,716,3021367843,COMPLETED,109,2026-09-27T19:19:47.726+00:00,17043,8154,ud65qmv9cw0clh,3
,webp_square_1024,,518,,7029,COMPLETED,2026-09-27T19:20:04.518+00:00,cuda:0 NVIDIA GeForce RTX 4090 : cudaMallocAsync,6797,32.3,83aeb58a-5134-49fe-9a72-8aa334c00fe0-u2,True,152418,JPEG,1024x1024,0.01,8,716,3321086980,COMPLETED,220,2026-09-27T19:19:56.201+00:00,17043,8096,ud65qmv9cw0clh,4
,png_rgba_transparent,,238,,7857,COMPLETED,2026-09-27T19:20:13.895+00:00,cuda:0 NVIDIA GeForce RTX 4090 : cudaMallocAsync,7687,32.3,de423cca-588b-42d5-942b-2f20f3d1425d-u1,True,168821,JPEG,1184x896,0.01,9,715,4284576098,COMPLETED,119,2026-09-27T19:20:04.565+00:00,17043,9210,ud65qmv9cw0clh,5
,data_url_prefix,,1110,,9726,COMPLETED,2026-09-27T19:20:25.536+00:00,cuda:0 NVIDIA GeForce RTX 4090 : cudaMallocAsync,9585,32.3,15eced5c-b4e8-4f47-a7e1-81f2d2e6c18e-u1,True,190937,JPEG,1184x896,0.01,11,711,295549156,COMPLETED,121,2026-09-27T19:20:13.920+00:00,17043,11494,ud65qmv9cw0clh,6
,small_320,,276,,7372,COMPLETED,2026-09-27T19:20:33.683+00:00,cuda:0 NVIDIA GeForce RTX 4090 : cudaMallocAsync,7217,32.3,18cc6e4f-f7e1-4621-8c44-f8af9e26341e-u2,True,126266,JPEG,1184x896,0.01,8,710,994025792,COMPLETED,110,2026-09-27T19:20:25.557+00:00,17043,8014,ud65qmv9cw0clh,7
,jpeg_exif_rotated,,541,,7307,COMPLETED,2026-09-27T19:20:42.996+00:00,cuda:0 NVIDIA GeForce RTX 4090 : cudaMallocAsync,6802,32.3,15ca9288-9866-4feb-a4d1-228d345e70fc-u1,True,191693,JPEG,832x1248,0.03,9,713,3333806996,COMPLETED,139,2026-09-27T19:20:33.710+00:00,17043,9146,ud65qmv9cw0clh,8
,animated_webp_first_frame,,1003,,9423,COMPLETED,2026-09-27T19:20:54.559+00:00,cuda:0 NVIDIA GeForce RTX 4090 : cudaMallocAsync,8757,32.3,d8e5c1c8-4828-4f96-a54c-225fd0de7084-u1,True,151499,JPEG,1024x1024,0.01,11,710,3623710814,COMPLETED,119,2026-09-27T19:20:43.039+00:00,17043,11400,ud65qmv9cw0clh,9
,two_refs,,1221,,12755,COMPLETED,2026-09-27T19:21:09.386+00:00,cuda:0 NVIDIA GeForce RTX 4090 : cudaMallocAsync,12605,32.3,1fa49755-2b05-4a57-8d2e-b60e044c0107-u1,True,93592,JPEG,1184x896,0.05,14,714,1078673967,COMPLETED,140,2026-09-27T19:20:54.594+00:00,17043,14651,ud65qmv9cw0clh,10
,params_steps12_res896_seed,,43583,,4314,COMPLETED,2026-09-27T19:21:58.743+00:00,cuda:0 NVIDIA GeForce RTX 4090 : cudaMallocAsync,4124,30.9,f2ad7992-5404-415c-badf-108c01fe896f-u2,True,82905,JPEG,1024x768,0.03,45,722,12345,COMPLETED,336,2026-09-27T19:21:09.421+00:00,17043,48985,5w6s0m2eotmp9v,1
,big_jpeg_7002KiB_payload9561kB,,634,,8527,COMPLETED|HTTP 413,2026-09-27T19:22:11.287+00:00,cuda:0 NVIDIA GeForce RTX 4090 : cudaMallocAsync,7325,32.3,97ac1b2b-4dfc-4e9e-9746-ebd463db6917-u2,True,166691,JPEG,1024x1024,9.56,10,736,2491777515,COMPLETED,1177,2026-09-27T19:21:59.851+00:00,17043,10258,ud65qmv9cw0clh,11
,max_params_steps30_res1280,,1029,,17993,COMPLETED,2026-09-27T19:22:31.781+00:00,cuda:0 NVIDIA GeForce RTX 4090 : cudaMallocAsync,17719,32.3,eaed8916-e3f0-4ece-b7e0-2739590585fb-u1,True,313882,JPEG,1280x1280,0.04,19,721,2695968982,COMPLETED,136,2026-09-27T19:22:11.319+00:00,17043,20324,ud65qmv9cw0clh,12
,invalid_base64,,909,invalid input: image 不是有效的 base64,98,FAILED,2026-09-27T19:22:33.150+00:00,,,,92592af4-fe5b-49d1-ae79-e9fe3f9a70ae-u2,True,,,,0.0,2,,,FAILED,137,2026-09-27T19:22:31.809+00:00,,1204,ud65qmv9cw0clh,
,corrupt_jpeg,,712,invalid input: image 无法解码: OSError,159,FAILED,2026-09-27T19:22:34.481+00:00,,,,d536564f-8043-43e4-9f5f-5c0e7824dd87-u2,True,,,,0.0,2,,,FAILED,121,2026-09-27T19:22:33.151+00:00,,1208,ud65qmv9cw0clh,
,gif_unsupported,,500,invalid input: image 不是 JPEG / PNG / WebP,137,FAILED,2026-09-27T19:22:35.814+00:00,,,,59ec71fd-479c-442f-8dcc-306959d8cd34-u2,True,,,,0.0,2,,,FAILED,114,2026-09-27T19:22:34.497+00:00,,1202,ud65qmv9cw0clh,
,missing_prompt,,312,invalid input: prompt 缺失,104,FAILED,2026-09-27T19:22:37.142+00:00,,,,3641b713-fe2b-4fda-a586-ee38bb9e7d80-u2,True,,,,0.01,2,,,FAILED,108,2026-09-27T19:22:35.818+00:00,,1214,ud65qmv9cw0clh,
,missing_image,,107,invalid input: image 缺失或不是字符串,69,FAILED,2026-09-27T19:22:38.446+00:00,,,,ede697da-ec56-49b7-ba01-0574e4f24058-u2,True,,,,0.0,2,,,FAILED,116,2026-09-27T19:22:37.142+00:00,,1186,ud65qmv9cw0clh,
,steps_out_of_range,,1203,invalid input: steps=99 超出允许范围 4–30,116,FAILED,2026-09-27T19:22:40.882+00:00,,,,1fcffdac-2f56-45a5-b252-a333e09d805b-u1,True,,,,0.01,3,,,FAILED,128,2026-09-27T19:22:38.451+00:00,,2303,ud65qmv9cw0clh,
,seven_images_too_many,,556,invalid input: 参考图最多 6 张（含 image）,158,FAILED,2026-09-27T19:22:42.238+00:00,,,,74081e46-707d-4eb6-96d9-644b07d8ea0a-u1,True,,,,0.04,2,,,FAILED,116,2026-09-27T19:22:40.918+00:00,,1203,5w6s0m2eotmp9v,
,over_8mib_png_platform_limit,,,"{""status"":400,""title"":""Bad Request"",""detail"":""bad request: body: exceeded max body size of 10MiB""}",,HTTP 413|HTTP 400|FAILED,,,,,,True,,,,11.18,,,,HTTP 400,872,2026-09-27T19:22:42.322+00:00,,,,
,policy_timeout_5s,,886,executionTimeout exceeded,8089,TIMED_OUT|FAILED,2026-09-27T19:22:53.344+00:00,,,,8b010d9a-e25f-406c-bc31-5353a6e16c33-u2,True,,,,0.04,10,,,FAILED,117,2026-09-27T19:22:43.226+00:00,,10000,ud65qmv9cw0clh,
"{""id"": ""9f9ff5d7-7f93-40d8-acc6-1bfff83931d4-u2"", ""status"": ""CANCELLED""}",cancel_while_queued,,,,,CANCELLED,2026-09-27T19:22:53.854+00:00,,,,9f9ff5d7-7f93-40d8-acc6-1bfff83931d4-u2,True,,,,,1,,,CANCELLED,,,,117,,
"{""delayTime"": 60413, ""executionTime"": 216, ""id"": ""30c2a363-5d32-4fa0-aa66-fe8516bf4dc2-u2"", ""status"": ""CANCELLED"", ""work",cancel_while_running,,60413,,216,CANCELLED,2026-09-27T19:23:54.727+00:00,,,,30c2a363-5d32-4fa0-aa66-fe8516bf4dc2-u2,True,,,,,1,,,CANCELLED,,,,100,ud65qmv9cw0clh,
,after_cancel_still_serving,,67747,,7770,COMPLETED,2026-09-27T19:25:11.587+00:00,cuda:0 NVIDIA GeForce RTX 4090 : cudaMallocAsync,7540,32,64bf29c1-db59-453a-a863-a39e4a9f80f7-u1,True,163821,JPEG,1184x896,0.03,70,714,2184025582,COMPLETED,137,2026-09-27T19:23:54.738+00:00,17043,76711,ud65qmv9cw0clh,1
